,LR,NB,SVM,MLP,RF,LGB,XGB,CatB,Pytorch_LSTM,Pytorch_GRU,keras_lstm_model,SVM_model,RandomForest_model,ResNet,FTTransformer
"('25_musk', 1.0, 0.05, 1)",0.9999999999999998,1.0,0.9999999999999998,0.9999999999999998,1.0,1.0,1.0,0.9999999999999998,0.9999999999999998,0.9999999999999999,0.9999999999999998,0.9999999999999998,1.0,0.9999999999999998,1.0
"('3_backdoor', 1.0, 0.05, 1)",0.9405186836978192,0.866128735788316,0.9554123370270466,0.9338550957872396,0.9848088260035279,0.9826648285602861,0.9779497013526653,0.9839598934288268,0.9941238601619216,0.992890654281857,0.6881319925110839,0.964464561480312,1.0,0.9375599294081276,0.9667073559524578
"('9_census', 1.0, 0.05, 1)",0.543025142423889,0.10382696388796324,0.5085415669075313,0.5195691595607257,0.5503550532053756,0.5889487323704364,0.5448430276205449,0.6057857070239607,0.9981093192630933,0.9999946786432669,0.2572185352677373,0.7101941813106717,0.9448717488183729,0.4525325111025827,0.40873105616152516
