,LR,NB,SVM,MLP,RF,LGB,XGB,CatB,Pytorch_LSTM,Pytorch_GRU,keras_lstm_model,SVM_model,RandomForest_model,ResNet,FTTransformer
"('25_musk', 1.0, 0.05, 1)",1.0,1.0,1.0,1.0,1.0,1.0,1.0,1.0,1.0,1.0,1.0,1.0,1.0,1.0,1.0
"('3_backdoor', 1.0, 0.05, 1)",0.9893935848513211,0.9722802217582259,0.9956170350637195,0.9922555619555044,0.999046007631939,0.9994150046799625,0.9987220102239183,0.9993250053999567,0.9998234839603539,0.9997810201960994,0.9036151650591495,0.9899910409783651,1.0,0.9717312261501907,0.9935605515155878
"('9_census', 1.0, 0.05, 1)",0.929338005856656,0.7073016177811915,0.9185819211751717,0.9122212087753828,0.916584897508521,0.9264941673467428,0.9206067879602516,0.937266573856272,0.9999141905904354,0.999999648322092,0.8592275535420824,0.9516140433428955,0.99446951321799,0.8489395612308579,0.8877461475685278
